Date,game_board_view,game_attendance,game_invitation,game_dau,square_dau,posts,likes,random_comments,host_comments,collects,forwards,party_dau,room_num,room_uv,pchat_dau,pp_views,pp_likes,pp_forwards,dgmv,dau,consume_dau,referal_dau,avg_gametime,avg_rounds,room_time,mike_rate,avg_voice,avg_video,sticker_rate,templates_rate,magic_voice_rate,fake_face_rate
2021-01-01 00:00:01,367,946,289,1081,45189,1347,1477,9948,1673,765,2407,5045,1014,12,17754,18056,4729,1572,52312,50666,1107,340,35.19,2.72,242.53,40.66,5.52,1.58,59.63,62.26,63.56,53.98
2021-01-02 00:00:01,379,671,262,1095,65377,1779,1293,8455,2172,752,2104,4128,1184,5,15103,18021,4639,1881,53901,61079,1620,409,31.9,5.34,252.25,40.39,8.05,1.34,41.73,63.89,42.9,44.26
2021-01-03 00:00:01,459,625,262,1162,48373,1469,1840,11593,1996,960,1904,3871,895,8,21077,17693,5396,1724,44349,61595,1360,305,40.78,4.42,286.95,42.62,5.72,1.39,63.74,59.55,62.84,65.53
2021-01-04 00:00:01,277,597,325,1546,43271,1490,1489,8285,1886,755,1536,3798,1233,9,23140,23168,5154,1993,40632,58001,1110,457,43.01,4.09,221.3,41.9,7.46,2.05,60.52,52.99,56.43,56.29
2021-01-05 00:00:01,369,794,379,1213,56949,1417,1480,10889,1636,840,1446,5923,891,9,22597,21822,5770,1528,33133,60914,1276,436,31.36,3.35,195.33,36.43,8.4,2.11,51.9,58.28,48.54,39.95
2021-01-06 00:00:01,297,804,336,1516,58919,1339,1362,9235,1406,1123,2066,3618,669,8,16716,19640,6008,1315,49819,40784,1540,371,28.63,3.84,237.61,43.58,8.95,1.78,52.53,56.61,48.16,49.12
2021-01-07 00:00:01,372,810,267,1088,47145,1224,1151,8302,2088,817,2148,3650,899,10,20666,17706,3841,1952,34578,61267,1469,445,38.31,5.08,203.38,34.75,7.74,2.08,52.66,44.9,62.44,55.2
2021-01-08 00:00:01,423,918,217,1414,59316,1232,1074,11540,2191,905,2206,4892,1150,8,22058,19027,4051,1942,33848,44807,1565,357,31.02,4.87,293.58,48.92,6.95,1.99,52.23,50.35,66.4,39.14
2021-01-09 00:00:01,429,638,266,1330,63032,1684,1264,9295,1727,722,1590,4294,813,12,18906,20449,5649,1740,45490,56086,1418,385,32.7,4.02,279.67,45.34,6.27,2.0,42.85,61.78,45.12,56.38
2021-01-10 00:00:01,322,724,248,1339,58977,1548,1434,10312,1457,935,2002,5886,993,6,16827,17859,4704,2003,48579,46647,1522,294,37.03,6.15,261.01,37.08,8.41,1.3,47.23,44.3,54.14,48.18
2021-01-11 00:00:01,420,865,367,1501,54174,1360,1853,10408,2185,858,1713,4727,965,7,20933,26051,4589,1448,45483,46629,1438,313,42.97,4.31,258.99,36.01,8.79,1.65,61.83,63.07,65.53,51.87
2021-01-12 00:00:01,308,764,344,1397,60705,1502,1578,11581,1900,937,1750,4746,843,6,15528,24551,6147,1713,44700,45876,1273,406,30.65,5.29,208.26,35.42,7.17,1.94,56.75,51.29,56.61,47.82
2021-01-13 00:00:01,377,876,328,1585,57801,1074,1869,8568,1646,1108,1864,3977,1002,8,21660,21031,4063,1565,39079,41238,1390,324,42.4,5.07,193.3,33.93,5.51,1.84,44.26,63.49,62.92,43.02
2021-01-14 00:00:01,366,781,371,1544,62112,1756,1261,7979,2135,799,1553,4637,734,10,19546,19663,4081,1555,43808,63702,924,453,34.03,5.98,264.66,47.41,6.59,1.86,52.84,61.52,62.23,53.18
2021-01-15 00:00:01,282,743,369,1319,53598,1369,1274,8971,1766,1144,1874,5171,680,7,21213,19731,4669,1709,52441,51330,1466,349,33.63,5.53,305.41,45.88,5.68,2.02,51.8,46.83,49.76,58.68
2021-01-16 00:00:01,439,930,357,1290,42312,1348,1564,8820,1704,767,1498,4116,806,4,18079,18053,6273,1294,43003,52848,1176,342,24.15,5.06,269.51,52.57,6.03,1.8,47.01,47.11,55.03,58.74
2021-01-17 00:00:01,350,750,314,1277,61919,1331,1314,10505,2032,1162,1662,5708,943,13,17808,26697,5523,1481,44116,59775,1554,318,29.36,6.07,295.79,46.2,7.32,1.62,51.7,60.82,55.49,51.46
2021-01-18 00:00:01,447,597,281,1094,55567,1364,1692,10070,2012,877,2367,5118,1153,5,17581,26861,5018,1194,31819,60908,1035,431,34.35,6.53,268.45,40.66,7.58,2.03,39.49,57.74,49.32,44.24
2021-01-19 00:00:01,415,639,239,1036,49683,1124,1169,11365,1944,876,1797,4392,825,5,19951,20772,5594,1962,47102,64719,937,322,32.54,5.34,285.02,53.6,5.9,1.99,55.65,47.39,46.43,46.52
2021-01-20 00:00:01,345,823,299,1033,58472,1096,1524,9164,1663,1002,1680,4977,1049,5,19077,19412,3720,1482,39787,40935,1027,410,39.86,5.02,297.35,52.16,5.55,1.91,62.53,47.61,40.81,67.67
2021-01-21 00:00:01,324,552,292,1565,56963,1348,1698,9180,1759,1247,2071,3632,896,12,15593,17884,4793,1786,44630,56699,1137,442,34.88,2.94,228.82,45.82,5.83,1.84,45.79,45.92,52.14,55.89
2021-01-22 00:00:01,380,871,270,1082,42883,1639,1321,11466,1466,785,1443,3483,1065,10,17117,21956,6168,2003,52867,53102,1074,279,32.01,4.65,309.56,46.23,5.06,1.55,46.96,47.23,60.72,53.84
2021-01-23 00:00:01,336,873,355,968,62490,1696,1465,11666,2045,1168,1892,4770,672,4,18277,16974,3927,1536,47453,46632,1105,425,32.45,4.25,225.91,45.77,8.46,1.24,62.92,57.66,48.92,53.98
2021-01-24 00:00:01,382,791,384,1491,60281,1271,1290,10206,2015,1104,1757,4309,963,7,22646,18959,5178,1590,45988,54177,1116,481,41.22,6.13,263.53,47.51,8.12,1.85,55.22,61.15,52.91,40.12
2021-01-25 00:00:01,315,688,380,1266,45723,1575,1715,10084,1419,1174,1582,5015,934,9,22414,22590,5256,1745,37875,62643,989,336,35.34,5.19,195.91,48.25,8.95,1.37,60.46,62.03,41.65,58.4
2021-01-26 00:00:01,340,594,273,1216,62749,1649,1512,12062,1727,882,1452,5159,1217,4,16908,27387,5658,1422,49240,49178,1167,481,32.08,4.69,292.01,49.83,7.45,2.0,51.87,64.72,49.43,68.7
2021-01-27 00:00:01,346,843,284,1345,50669,1708,1587,8269,1368,1112,2013,3915,1109,5,15805,20809,5570,1306,48553,49985,1414,341,38.09,3.1,214.89,34.98,5.08,1.38,41.2,64.06,50.9,67.51
2021-01-28 00:00:01,433,628,265,1463,43417,1595,1335,7793,1902,908,1762,5777,1215,13,23080,17245,4924,1939,31365,54773,1445,338,34.55,2.66,226.25,40.58,5.58,1.4,55.33,45.87,53.73,59.36
2021-01-29 00:00:01,318,545,286,1602,44848,1555,1195,9523,2065,1128,2083,4916,795,11,21920,22782,6196,1844,45003,57483,912,396,38.33,4.47,237.53,51.65,8.06,2.03,50.0,43.93,65.51,42.95
2021-01-30 00:00:01,368,720,259,1313,46293,1597,1548,11182,1578,1217,1652,5314,1156,9,19676,20138,5206,1929,48242,43801,1089,345,34.02,5.48,192.79,49.48,7.58,1.95,62.75,61.62,44.69,64.91
2021-01-31 00:00:01,303,938,361,1101,57106,1239,1471,10734,1880,1154,1684,4005,1227,10,19327,22046,5295,1476,36390,53275,1505,358,37.59,3.82,304.22,33.66,5.59,1.57,47.14,41.3,46.88,46.59
2021-02-01 00:00:01,369,558,355,1411,46334,1181,1179,9595,1833,789,1779,5835,1150,9,22606,22328,5439,1639,35901,63115,983,351,27.97,5.36,242.73,50.2,8.37,1.5,59.9,64.56,48.35,55.43
2021-02-02 00:00:01,336,945,378,1120,58831,1293,1129,11309,2008,827,1647,5101,1169,12,18006,20993,4568,1430,48753,52562,982,335,40.07,4.63,223.6,51.6,6.05,1.4,60.87,40.06,42.74,46.89
2021-02-03 00:00:01,398,550,330,1633,49844,1428,1738,7727,2102,920,2369,5556,793,10,17318,25371,5085,1835,50943,62561,1599,395,30.32,5.1,269.53,43.66,7.61,2.07,60.6,60.23,49.75,65.19
2021-02-04 00:00:01,437,653,247,1033,63489,1264,1677,10844,1798,1250,2162,4012,764,6,22074,20143,3812,1769,31791,53222,1397,477,36.72,4.33,194.72,44.03,7.57,1.84,42.3,58.49,51.13,70.0
2021-02-05 00:00:01,386,782,288,1386,62059,1300,1215,12087,1727,1230,1771,4868,1119,13,17966,18389,3720,1986,53761,46743,957,481,29.5,5.05,278.45,45.7,7.48,1.4,44.51,44.0,62.92,53.64
2021-02-06 00:00:01,382,595,323,1560,52691,1263,1489,7803,1621,1027,2420,5474,759,12,22056,24236,4129,1836,44208,48668,1281,375,27.02,6.44,307.37,53.35,5.45,2.02,54.45,63.37,64.29,46.8
2021-02-07 00:00:01,431,838,257,1174,65166,1286,1512,10729,2043,1243,1774,3623,763,13,16877,21178,4794,1255,32419,54130,1210,435,40.01,2.53,289.69,49.52,6.67,1.26,62.74,57.56,59.68,51.18
2021-02-08 00:00:01,332,890,330,1116,50192,1103,1345,11014,2014,1111,2028,3901,782,13,19359,26796,5421,1907,54964,49110,1059,403,40.19,5.37,274.55,37.9,5.48,1.98,52.64,54.81,45.92,55.28
2021-02-09 00:00:01,383,645,372,1337,41769,1519,1327,7889,1858,889,1782,5243,777,9,21091,18682,5514,1906,34535,51870,1395,293,40.98,4.72,245.94,37.77,8.36,1.74,56.0,57.75,56.62,62.95
2021-02-10 00:00:01,317,889,221,1622,53227,1533,1400,12102,1363,791,1499,5337,685,6,21468,25994,4995,1365,51274,60969,1240,323,28.42,3.48,206.89,47.19,8.85,1.26,59.2,56.43,53.16,60.23
2021-02-11 00:00:01,441,568,234,1430,46215,1701,1502,11279,2148,771,1731,5015,705,7,21135,27194,3791,1944,50722,46774,1495,408,40.59,6.52,297.62,49.25,8.95,1.37,61.36,59.53,62.44,59.31
2021-02-12 00:00:01,402,676,232,1172,62425,1261,1218,8100,1487,855,1863,5054,874,12,18013,26094,4711,1895,43143,46635,1537,329,36.04,3.88,189.71,46.1,8.39,1.77,62.7,48.5,49.82,69.88
2021-02-13 00:00:01,303,901,218,1001,61580,1395,1293,11819,1590,873,1553,5803,1078,9,22087,20042,6131,1564,32319,43218,1172,413,26.92,6.3,265.55,45.01,6.95,2.17,39.87,57.94,55.54,59.88
2021-02-14 00:00:01,446,894,239,1057,58011,1340,1109,11056,2224,1123,1566,4146,887,10,16570,21497,3747,1899,53384,48249,1193,306,41.82,4.96,277.52,36.15,5.43,1.85,54.76,51.5,57.78,62.52
2021-02-15 00:00:01,300,586,306,1419,42406,1283,1065,10796,2192,1044,1541,3734,669,8,23184,27478,4020,1453,40293,60317,1003,289,28.07,2.96,267.58,36.78,8.71,1.68,58.57,51.54,51.86,63.33
2021-02-16 00:00:01,367,794,313,1201,58806,1083,1634,9153,1457,1001,1418,5081,874,13,18812,17002,4028,1982,38242,55230,964,349,37.79,3.51,283.04,46.02,5.52,1.36,44.27,55.56,61.05,57.89
2021-02-17 00:00:01,416,777,291,1235,65377,1088,1932,10179,2053,930,1423,4931,872,6,22890,24940,6166,1873,41928,61914,1326,384,32.29,5.26,263.01,35.37,7.74,1.26,40.63,45.42,45.08,66.73
2021-02-18 00:00:01,377,637,345,1356,64933,1456,1067,10552,2152,1002,2262,5627,779,10,19344,18343,4764,1553,51105,64691,1522,325,36.4,4.17,226.96,54.95,5.34,1.9,64.64,47.61,46.9,53.72
2021-02-19 00:00:01,326,785,292,1535,49906,1655,1585,10178,1555,1027,1894,3888,899,5,23311,17118,6092,1601,32705,62672,1320,492,36.28,5.78,284.0,41.39,7.34,1.39,42.49,65.71,55.87,46.08
2021-02-20 00:00:01,370,638,366,1627,65323,1485,1954,7557,1683,826,2088,3622,860,6,17066,22331,3883,1296,53331,65765,953,394,28.47,2.96,265.2,51.57,5.29,2.07,47.18,62.09,54.52,57.72
2021-02-21 00:00:01,385,735,224,1240,49508,1111,1450,8515,1948,835,1901,4673,941,11,20802,17961,5014,1573,40768,43094,1016,380,36.53,5.97,305.83,55.55,8.63,1.52,60.75,55.05,55.34,56.3
2021-02-22 00:00:01,444,841,252,1247,53125,1207,1435,10055,1311,1033,1534,3725,760,7,17371,26807,4850,1445,42387,63141,1609,450,37.98,4.97,256.61,48.97,8.61,1.38,63.13,60.43,61.02,46.05
2021-02-23 00:00:01,277,623,235,984,52734,1657,1782,9298,1427,932,1751,4402,724,7,21069,23194,4272,1711,54523,53030,944,463,38.89,2.51,309.12,36.14,8.18,1.31,64.37,62.99,49.85,69.03
2021-02-24 00:00:01,409,757,276,1599,61506,1403,1087,9488,1488,778,2355,4795,1033,11,20191,18155,5719,1378,36181,61461,1648,312,40.09,4.05,300.76,40.32,6.61,2.06,60.57,53.28,43.02,64.19
2021-02-25 00:00:01,357,671,262,1129,50328,1812,1913,11397,2155,928,1838,3507,994,4,16755,18449,4425,1715,43810,55196,1628,313,38.36,5.54,225.94,50.79,6.04,1.61,47.19,44.97,48.61,47.49
2021-02-26 00:00:01,439,618,327,1117,41504,1381,1613,10395,2223,878,2196,3826,1162,7,20856,19973,4489,1319,51981,50167,1201,462,31.61,4.11,237.26,50.38,6.74,1.89,45.59,59.06,61.37,40.09
2021-02-27 00:00:01,382,775,288,1175,45198,1468,1440,10870,1687,767,2386,4213,912,6,17057,20783,5455,1876,41855,41720,968,288,41.22,6.24,301.29,51.81,6.81,1.88,64.13,53.48,51.31,66.83
2021-02-28 00:00:01,332,779,252,982,46460,1678,1457,9470,1683,922,1931,4677,712,5,20930,24064,5357,1661,39685,55877,1183,430,34.05,3.88,276.78,34.09,8.23,1.48,62.63,43.97,63.28,62.15
2021-03-01 00:00:01,360,887,230,1110,46646,1228,1920,11913,1633,987,2424,5634,1102,9,23554,22391,4776,1682,52986,54516,1492,436,31.46,2.69,273.7,44.09,7.47,2.15,46.91,39.62,42.35,51.1
2021-03-02 00:00:01,405,646,380,1196,44964,1231,1906,11617,1728,1064,1422,4538,664,9,17596,26662,5101,1650,32421,59018,1026,391,33.91,4.35,218.36,32.7,8.43,1.26,53.27,42.68,55.68,58.59
2021-03-03 00:00:01,337,579,357,1221,60884,1125,1683,7594,1405,907,1416,5371,780,8,19480,22163,4579,1365,31295,41574,976,409,30.31,4.29,268.46,35.18,6.55,1.95,50.81,42.19,41.04,65.37
2021-03-04 00:00:01,459,892,269,1073,54670,1799,1791,11547,1907,1094,2002,4704,957,8,23556,20957,4327,1281,50848,44643,1145,323,37.33,3.38,295.18,35.99,7.6,1.87,51.48,40.63,60.5,58.22
2021-03-05 00:00:01,384,721,252,1518,57535,1112,1329,8075,1794,951,1632,4255,914,11,20885,18337,4342,1815,33280,51121,1443,398,24.78,3.37,214.24,49.31,8.99,1.96,49.75,45.11,41.54,44.8
2021-03-06 00:00:01,361,880,295,1494,54607,1059,1404,10483,1595,800,2003,4353,1089,6,17856,17723,5117,1604,48567,52226,1394,370,26.0,5.11,279.34,44.97,7.75,2.09,43.27,58.98,53.16,51.62
2021-03-07 00:00:01,463,757,328,968,52782,1270,1361,8556,1550,1165,1822,5379,791,7,17646,25325,3867,1470,50640,64019,1641,417,30.06,4.73,264.18,34.91,7.09,2.1,53.42,59.45,64.95,47.36
2021-03-08 00:00:01,292,955,264,1495,55606,1135,1475,11772,1706,737,2401,4949,938,5,18418,21842,5991,1419,40081,51291,1231,480,32.34,4.63,271.66,48.44,6.84,1.49,55.2,53.51,50.46,71.43
2021-03-09 00:00:01,354,769,274,1016,43725,1543,1788,8081,1485,1026,2372,5173,1011,8,16484,19996,5085,1771,55143,46830,916,465,33.67,5.21,207.68,36.68,5.91,1.55,57.17,44.61,46.91,42.05
2021-03-10 00:00:01,303,632,321,1423,44344,1373,1259,9927,2200,737,1997,4295,913,11,19365,22196,6261,1399,39208,46192,1254,423,36.13,5.7,217.68,53.48,8.27,1.38,47.42,65.07,64.12,62.99
2021-03-11 00:00:01,335,632,259,1019,59658,1666,1700,7669,1360,875,1939,5915,705,9,23248,24018,5856,1838,38242,47905,1063,363,33.34,3.28,192.55,44.11,9.06,1.24,52.3,55.85,51.54,56.31
2021-03-12 00:00:01,406,707,361,1495,64298,1514,1375,9637,1829,924,1972,4774,1048,11,15034,17940,5677,1899,47781,45246,1601,472,32.78,6.0,301.61,38.8,8.37,1.42,55.25,53.81,60.5,64.34
2021-03-13 00:00:01,441,755,306,1264,43644,1371,1526,9889,2144,1224,1993,5306,1200,12,16362,22718,5008,1568,46496,64942,953,387,32.39,5.53,305.66,37.11,6.44,1.66,42.76,51.2,60.75,51.18
2021-03-14 00:00:01,411,638,224,1147,43930,1417,1342,9043,1732,1188,1658,5743,1049,12,22026,25344,5542,1730,45076,53468,974,424,28.82,5.68,235.45,35.1,7.52,1.85,44.81,45.83,49.0,40.6
2021-03-15 00:00:01,297,897,264,1407,52355,1291,1536,8446,2002,1198,1993,5085,774,13,14908,24064,6263,1498,31956,64479,1097,490,40.72,4.07,251.6,42.53,6.03,1.67,49.5,43.49,54.68,55.69
2021-03-16 00:00:01,351,852,314,992,52194,1637,1713,9736,1756,732,1747,3604,1101,9,19825,24608,4068,1670,39675,49063,1610,481,30.23,2.53,251.65,50.22,8.96,1.63,57.78,63.87,52.47,45.32
2021-03-17 00:00:01,432,817,278,994,56160,1663,1895,9259,1678,824,2244,5772,913,4,22283,25126,5009,1200,50718,57111,1524,470,35.82,5.91,282.42,46.23,7.85,1.9,51.26,41.64,41.68,71.72
2021-03-18 00:00:01,367,803,358,1147,44414,1551,1613,10409,1733,986,1676,4714,961,13,23566,27695,4016,1933,41992,46699,1413,306,33.05,5.28,217.95,46.68,7.94,1.34,44.84,52.5,45.51,55.18
2021-03-19 00:00:01,307,695,225,1445,47815,1451,1470,7787,1327,735,1636,4704,822,10,21635,23146,5924,1317,33088,54695,1176,402,33.7,4.44,294.06,54.43,8.96,2.11,50.36,54.96,45.6,42.98
2021-03-20 00:00:01,436,909,373,1469,57652,1135,1466,9000,1943,1055,2161,3859,773,12,15149,19074,5261,1398,32354,59637,1482,321,40.8,2.75,292.38,34.89,5.01,1.8,42.15,55.29,55.55,48.72
2021-03-21 00:00:01,376,933,249,1583,42757,1622,1948,8322,2092,1023,1711,4545,901,12,15254,18710,5691,1983,49456,49306,1141,315,39.45,4.79,257.16,47.81,8.37,1.64,64.08,42.35,47.22,67.36
2021-03-22 00:00:01,432,812,301,1185,52704,1408,1831,10463,1552,1035,1987,3587,909,9,18095,23013,3781,1322,31940,46260,1321,311,27.71,2.72,292.66,47.29,5.36,1.63,63.68,53.23,58.2,40.26
2021-03-23 00:00:01,434,595,231,1013,51617,1794,1090,10386,1687,1030,1979,4804,742,11,23455,27272,4555,1664,31458,54763,1102,460,40.45,4.2,215.0,51.6,7.57,1.73,55.82,58.07,44.78,46.13
2021-03-24 00:00:01,369,680,378,1462,49390,1536,1171,7471,2213,980,1747,3873,1116,10,18100,16927,5197,1267,33218,61290,1526,474,34.99,2.91,201.1,48.9,6.59,1.23,65.35,51.56,64.52,59.14
2021-03-25 00:00:01,369,720,330,992,49946,1184,1219,10721,1506,1159,2111,4827,1203,8,18535,22174,5067,1491,33166,59206,1050,439,27.06,3.21,258.47,38.2,7.18,1.93,50.82,58.83,47.31,54.93
2021-03-26 00:00:01,323,828,238,1461,47868,1490,1708,11247,1406,1042,1435,4824,1124,8,16670,24954,5676,1493,34875,42351,1544,459,32.86,3.34,231.41,42.16,7.95,1.37,48.24,59.31,42.02,42.62
2021-03-27 00:00:01,448,616,243,1372,44068,1633,1346,11949,1518,1200,1488,4785,951,8,16773,25957,5078,1826,55076,48578,1469,321,30.42,5.11,202.66,46.24,8.84,1.54,43.48,56.08,58.03,68.09
2021-03-28 00:00:01,402,628,348,1563,45656,1496,1371,12006,1660,987,1427,4431,978,12,14684,22250,5625,1700,43075,59058,1208,345,34.37,4.14,238.24,53.01,7.51,2.1,57.38,62.13,57.75,52.96
2021-03-29 00:00:01,379,591,350,1076,59439,1463,1471,11296,1475,889,2005,4325,1005,6,15668,18796,4678,1385,52905,57310,1577,474,25.74,4.47,304.38,41.66,5.95,1.25,58.88,51.34,40.28,69.88
2021-03-30 00:00:01,457,881,289,1336,51371,1600,1897,12013,1542,720,1728,4373,837,7,15851,22414,5617,1267,55062,60735,913,290,33.76,4.27,238.65,54.16,7.15,1.46,43.5,63.24,46.59,58.78
2021-03-31 00:00:01,335,553,375,1124,57961,1764,1765,9181,1342,1010,1438,5575,822,5,17072,23845,4722,1384,44725,51228,1324,293,25.2,4.34,208.45,45.75,5.59,2.09,51.85,59.03,50.86,49.9
2021-04-01 00:00:01,395,757,330,1226,57594,1229,1298,7523,2154,790,1766,5124,1221,10,20657,18477,5429,1498,53573,50194,1101,383,30.6,4.43,262.58,41.44,7.73,2.12,40.59,44.81,53.28,40.72
2021-04-02 00:00:01,327,561,222,1291,43867,1692,1528,10095,1919,767,1637,4370,951,4,14610,20448,4081,1731,54226,46726,1150,432,29.33,5.21,266.15,35.28,6.83,1.22,51.24,55.09,56.28,70.99
2021-04-03 00:00:01,433,569,239,1350,59958,1303,1730,10043,1884,870,1457,3756,823,11,15884,19787,5874,1574,54422,58224,1011,448,40.73,3.35,192.02,47.95,5.67,1.5,65.21,45.44,57.62,53.76
2021-04-04 00:00:01,393,894,343,990,62794,1142,1727,8917,2178,796,1826,4503,927,10,18055,27239,4445,1735,32292,42320,1147,376,37.55,5.67,211.36,48.64,7.36,1.8,65.22,63.56,48.19,61.7
2021-04-05 00:00:01,429,730,379,1508,59297,1666,1783,10726,1904,1006,1992,3652,757,6,16712,23045,5616,2006,33072,62647,1162,398,38.8,4.45,223.62,39.92,7.55,1.9,51.9,60.25,44.67,70.0
2021-04-06 00:00:01,374,557,279,1013,57306,1360,1770,10238,1881,762,1519,3772,738,9,16227,26814,6079,1546,45980,59969,989,348,37.47,6.32,300.95,39.67,8.3,1.77,53.06,55.71,48.57,51.18
2021-04-07 00:00:01,436,622,370,1027,47490,1436,1076,11086,1330,1121,1559,3918,735,11,23034,18059,3694,1828,53612,61237,1014,318,26.17,4.1,243.38,55.0,5.09,1.75,60.73,44.23,53.35,53.57
2021-04-08 00:00:01,408,542,344,1352,53518,1305,1366,12058,1772,1077,1739,3512,949,13,18246,18337,5997,1593,37730,41202,1070,295,39.87,5.3,234.15,48.26,5.68,2.04,42.16,65.27,54.94,48.47
2021-04-09 00:00:01,347,590,309,1374,63478,1312,1169,11599,1404,784,1710,4833,804,8,22272,26934,3928,1480,48440,53446,1151,434,39.07,4.1,262.14,36.88,5.94,1.45,46.89,56.81,53.83,55.31
2021-04-10 00:00:01,339,573,271,1142,51573,1114,1555,10513,1754,734,1897,5272,1159,12,15332,26977,4051,1383,32065,46456,1083,420,38.86,5.77,229.59,48.6,8.62,2.1,46.32,55.86,42.18,40.49
2021-04-11 00:00:01,282,574,278,1586,44980,1276,1260,9385,1378,1053,2175,3749,869,9,14873,22277,4745,1831,46794,64541,1420,300,37.69,3.01,273.2,48.08,6.5,1.27,46.04,56.01,50.51,59.03
2021-04-12 00:00:01,382,958,220,1186,52787,1545,1695,11517,1919,779,2158,5369,1112,12,15997,24416,5825,1780,52997,41311,951,431,33.63,5.06,222.49,46.35,5.65,2.0,48.97,43.31,48.12,39.49
2021-04-13 00:00:01,322,841,282,1197,46829,1484,1386,9565,1778,1102,2142,5471,725,8,22242,18818,6063,1954,36114,52768,1174,474,29.01,4.99,243.76,38.28,8.61,1.83,46.1,43.4,53.85,43.67
2021-04-14 00:00:01,379,711,355,1235,53998,1563,1070,11929,2212,1197,1998,5416,1112,6,15446,20674,6187,1521,51519,40518,1327,418,28.68,6.3,267.48,38.11,7.86,2.01,41.4,39.7,62.18,63.29
2021-04-15 00:00:01,376,874,342,1224,60945,1767,1349,10609,1742,934,2039,3521,771,8,14592,26358,3909,1866,49709,63785,967,285,25.46,2.66,275.37,50.58,7.51,1.65,63.5,55.71,52.08,68.26
2021-04-16 00:00:01,456,815,294,1502,40722,1271,1281,8288,1723,813,2326,5010,795,12,14461,19090,4106,1862,49054,56424,968,485,38.31,2.81,227.22,37.29,5.03,1.32,61.12,48.66,43.88,66.97
2021-04-17 00:00:01,307,552,298,1584,48494,1334,1243,10759,1496,1202,2202,4421,928,7,17109,27586,3726,1974,50900,58698,1584,276,39.26,2.49,263.58,49.17,6.84,1.42,54.83,61.73,44.81,64.55
2021-04-18 00:00:01,375,667,308,1639,51331,1482,1547,7872,2128,1179,2097,3522,749,6,23227,24806,5514,1649,42647,55142,972,325,40.42,3.87,282.83,45.89,6.38,1.28,43.79,47.76,58.47,51.19
2021-04-19 00:00:01,435,852,254,1305,65257,1629,1758,11308,2044,945,1820,4786,1132,9,17409,24635,4372,1805,46570,43915,1513,476,31.05,3.86,223.88,51.18,6.64,1.27,59.29,51.85,43.34,47.24
2021-04-20 00:00:01,352,747,356,1123,60694,1280,1691,11539,2115,1260,2055,3708,1092,12,18565,18531,4817,1917,50796,49069,1538,370,33.92,2.65,302.94,46.25,6.45,2.14,47.82,46.31,60.93,48.39
2021-04-21 00:00:01,299,769,374,1438,63619,1123,1492,10180,1421,893,1420,3515,818,8,20933,24880,5635,1786,42714,45857,1108,291,37.64,3.94,300.38,39.0,6.66,1.21,45.97,64.16,47.35,45.06
2021-04-22 00:00:01,322,584,267,1643,65566,1222,1094,9168,1828,1232,2184,5476,923,5,18794,21553,4370,1814,48692,59360,1604,293,37.75,5.96,311.82,43.75,6.2,1.55,48.08,50.75,59.17,63.63
2021-04-23 00:00:01,390,935,337,1592,61455,1061,1402,11153,1683,1212,1933,3551,827,13,21070,25837,3768,1782,43306,46729,1482,448,37.6,5.45,310.16,52.17,8.16,1.49,65.0,56.68,55.36,66.25
2021-04-24 00:00:01,413,860,337,1578,60913,1505,1949,11497,1747,774,2242,5137,735,8,21310,17625,4997,1494,47032,57622,1123,491,42.75,5.96,231.68,36.87,7.96,1.97,45.54,57.4,46.19,64.84
2021-04-25 00:00:01,368,738,248,1416,47228,1360,1315,11859,2171,768,1824,5210,729,13,15733,23820,4353,1943,52045,53698,1480,328,40.29,3.94,188.83,45.96,5.59,1.74,43.02,40.98,59.64,62.8
2021-04-26 00:00:01,299,955,273,1249,61503,1520,1410,10390,1723,1063,1928,4361,1152,4,20277,26594,4663,1332,50322,61346,1172,370,35.06,6.24,222.82,51.69,6.59,1.71,50.88,50.94,43.27,38.87
2021-04-27 00:00:01,366,614,306,1294,58769,1275,1782,10708,2145,1052,2343,5443,875,9,15237,19981,4857,1325,31280,40932,1404,466,35.15,6.31,211.6,43.0,5.39,1.34,46.7,47.9,42.04,39.5
2021-04-28 00:00:01,322,737,352,1576,49180,1180,1184,7449,1766,889,1564,3600,803,9,15014,26359,5275,1988,53932,56140,1135,364,24.44,3.12,271.68,39.44,7.07,2.09,54.72,55.67,64.48,55.46
2021-04-29 00:00:01,293,593,274,1267,43593,1379,1322,7728,1869,883,1451,4457,1004,13,15271,25993,6272,1299,48464,57755,1058,304,28.12,4.47,232.87,52.81,7.98,1.24,62.34,43.15,50.01,54.66
2021-04-30 00:00:01,442,726,273,1398,48927,1746,1198,10650,2205,1217,2016,5447,827,10,17433,20023,3834,1631,52169,43176,1388,426,41.53,6.59,240.02,53.76,8.76,1.38,61.37,58.27,44.65,56.28
2021-05-01 00:00:01,449,950,260,1007,50253,1170,1912,9534,2032,903,2177,4242,1074,13,17854,17166,4985,1649,41524,59307,1453,287,41.38,3.25,287.28,44.17,9.02,1.27,54.41,57.06,50.63,41.96
2021-05-02 00:00:01,407,906,350,1597,50211,1549,1375,9120,1783,1136,1625,3630,818,8,22122,26050,6248,1223,50668,60852,1378,443,41.61,3.8,296.06,50.52,5.78,1.7,48.21,58.44,60.96,60.33
2021-05-03 00:00:01,355,724,284,1554,65236,1705,1702,7878,1527,760,2030,3853,853,9,20960,17936,6189,1678,43826,55360,1496,313,27.45,6.54,273.95,44.9,8.94,1.56,56.77,52.2,44.45,70.1
2021-05-04 00:00:01,369,661,308,1315,41799,1454,1122,10357,1501,927,1603,4042,699,7,21534,26490,3828,1765,31356,48571,1205,412,24.91,5.0,264.77,38.74,8.63,1.9,64.09,49.99,64.7,49.42
2021-05-05 00:00:01,346,617,316,1528,41411,1203,1122,11515,1914,783,2205,5000,908,11,15580,22179,5609,1599,38022,56943,1402,368,41.87,5.79,303.63,50.61,8.93,1.35,54.66,62.08,43.33,58.07
2021-05-06 00:00:01,450,767,330,1139,41175,1187,1110,11066,1598,1241,1622,5280,794,6,19749,27790,4227,1989,42641,46808,975,317,42.35,4.66,304.01,51.33,7.88,1.66,48.64,55.26,61.5,65.3
2021-05-07 00:00:01,317,603,309,1503,45479,1476,1711,11042,2118,951,2019,4224,980,6,20191,24853,3793,1561,53447,58697,1645,328,40.26,2.52,201.71,54.17,8.0,1.45,51.25,64.3,43.1,38.78
2021-05-08 00:00:01,386,731,381,1313,49285,1275,1599,10230,2063,1034,2277,3641,757,7,20403,17364,6092,1425,47019,46413,981,400,37.03,4.17,234.72,38.82,6.27,1.51,43.65,44.8,53.73,44.25
2021-05-09 00:00:01,425,944,375,1122,47848,1208,1235,9941,1750,1029,2282,5127,1066,12,18180,21845,4552,1938,52777,57692,955,442,37.4,3.22,195.94,46.92,7.13,2.06,46.69,50.26,46.95,42.3
2021-05-10 00:00:01,281,705,343,1001,41734,1399,1254,11728,1714,812,1739,5332,1198,7,15961,17660,5801,1649,53236,61087,1221,469,26.84,4.38,228.87,35.52,7.24,1.29,39.46,48.52,56.84,53.53
2021-05-11 00:00:01,383,899,296,1440,58241,1695,1477,11678,1629,907,2215,5730,1083,7,16735,22753,4946,1782,41836,60683,1632,372,35.17,3.55,226.7,51.94,8.65,1.22,45.59,46.92,40.91,54.9
2021-05-12 00:00:01,430,543,310,1299,55534,1683,1765,8544,2213,922,1672,4641,1141,11,18704,19001,4407,1660,43039,57820,1291,444,27.62,5.61,191.28,46.79,6.45,2.11,55.31,51.1,63.86,41.7
2021-05-13 00:00:01,302,908,369,1432,48531,1182,1598,8551,2037,769,1942,4960,717,13,20497,21175,4828,1922,33607,64149,1509,287,24.73,3.89,305.62,46.81,7.25,1.21,47.22,45.26,60.62,51.46
2021-05-14 00:00:01,451,898,331,1019,62791,1509,1847,10740,2023,1208,2419,4439,1084,4,14713,26445,6023,1272,36118,64017,1178,350,42.43,3.38,193.51,52.95,6.19,1.34,41.54,62.54,49.37,44.19
2021-05-15 00:00:01,340,942,364,1137,58393,1807,1524,8378,1477,1169,1429,3536,1085,10,16556,22740,4321,1194,52578,48878,1639,310,29.29,4.32,285.24,42.34,6.01,1.35,44.66,65.64,60.1,45.13
2021-05-16 00:00:01,371,573,369,1476,57126,1387,1824,10424,1656,1093,2264,4341,1097,12,23038,18046,6014,1584,42825,64068,1203,386,43.09,2.88,249.44,42.82,7.19,1.58,48.08,51.95,44.46,50.29
2021-05-17 00:00:01,425,719,374,1102,45047,1567,1601,10701,1476,883,2310,4549,1131,4,17364,18468,4580,1677,35491,56365,964,470,42.82,2.51,210.82,48.74,8.4,1.83,65.18,47.3,63.0,39.84
2021-05-18 00:00:01,305,884,380,1384,48159,1614,1940,11001,1517,1241,1440,5549,821,11,21740,18968,5005,1512,40689,59966,995,348,28.7,4.62,218.29,41.9,5.35,1.81,54.7,43.53,48.52,66.79
2021-05-19 00:00:01,385,786,354,1270,47924,1580,1323,10384,1642,811,2078,4255,932,8,19690,20056,5539,1919,54497,42996,1238,305,36.06,2.76,195.03,51.94,8.51,2.1,57.46,40.8,43.23,42.93
2021-05-20 00:00:01,464,831,352,1440,65733,1172,1575,7613,1630,970,1626,5167,1077,6,18695,22674,5057,1295,42810,50955,1066,400,35.09,6.02,254.79,34.94,5.04,1.81,60.83,49.77,59.19,68.1
2021-05-21 00:00:01,432,596,309,1358,62722,1795,1780,12152,1985,988,2030,4216,1057,5,19441,17455,5469,1820,37023,58710,1015,318,31.3,2.89,190.28,51.54,7.67,1.98,48.04,62.44,65.96,62.31
2021-05-22 00:00:01,327,861,335,1469,50942,1283,1731,8321,1712,831,2219,3479,932,10,21335,24163,6058,1611,40435,58751,1353,291,29.52,2.66,263.3,32.63,7.12,1.44,62.97,45.56,64.24,49.74
2021-05-23 00:00:01,326,763,235,1515,48416,1580,1639,10981,1982,1226,1830,3908,1089,4,19562,26718,6119,1219,50668,65271,954,302,31.51,4.63,229.76,36.32,7.52,1.95,56.08,59.27,49.08,53.34
2021-05-24 00:00:01,415,666,326,1104,57632,1299,1462,9628,1697,967,1642,4924,719,10,18350,20664,5019,1754,45054,46040,1282,421,37.16,5.53,298.99,49.07,6.86,1.38,49.31,48.32,43.08,49.56
2021-05-25 00:00:01,357,582,384,1125,46417,1583,1684,9164,1746,1188,1402,5915,777,8,14983,26924,5264,1260,38751,56679,1616,282,31.74,3.58,218.16,39.48,5.06,1.91,49.38,58.95,62.55,46.78
2021-05-26 00:00:01,440,593,380,1533,45848,1787,1665,9541,1597,1212,1564,5546,1121,12,20197,19868,5424,1713,54658,40777,975,382,27.18,4.65,247.79,32.56,7.27,2.13,44.05,47.38,41.92,65.61
2021-05-27 00:00:01,348,837,229,1449,55710,1505,1857,11110,1326,1075,2429,5831,945,5,17088,19538,6064,1800,32904,57908,1643,296,36.71,4.6,218.02,37.22,7.89,1.67,63.49,51.36,40.67,52.19
2021-05-28 00:00:01,366,564,358,1052,65802,1135,1228,8280,1825,996,1850,3639,717,9,20068,17009,5639,1222,50904,47007,1645,366,40.38,6.5,285.62,42.55,6.95,2.17,54.21,40.13,43.3,68.66
2021-05-29 00:00:01,462,946,323,1575,57695,1695,1218,10194,1575,999,1702,4248,1043,6,18098,23006,5904,1774,34920,54136,972,318,39.44,3.12,253.61,46.67,8.85,1.49,52.36,59.21,64.21,61.96
2021-05-30 00:00:01,406,658,348,1362,45084,1077,1269,9160,1949,1179,1663,5117,931,7,16821,19069,5681,1962,34336,59354,1386,299,30.19,3.43,249.83,45.89,7.2,1.97,49.27,47.45,41.46,62.72
2021-05-31 00:00:01,423,563,331,1093,52652,1755,1074,9082,1331,1024,1650,3977,906,13,16675,23372,4255,1677,32077,55644,1095,347,26.69,3.33,223.91,45.54,5.37,1.35,64.2,64.56,64.51,64.73
2021-06-01 00:00:01,418,624,361,1059,47394,1144,1190,11772,1390,750,2302,5061,888,4,22733,22459,4848,1796,32893,56386,1101,491,38.25,4.02,268.36,49.44,6.32,1.31,41.31,41.27,43.09,68.7
2021-06-02 00:00:01,412,720,305,1142,60974,1475,1180,10650,2045,988,1880,3952,782,13,19864,21488,3750,1491,47356,46740,1570,349,37.19,4.11,239.86,37.82,7.81,1.33,42.6,45.09,44.95,52.76
2021-06-03 00:00:01,341,885,243,1191,43739,1166,1706,10004,2161,1002,2107,4130,731,11,15024,26554,4864,1991,37000,63197,1581,438,33.84,4.96,245.22,53.04,8.04,1.49,63.04,45.29,65.52,63.68
2021-06-04 00:00:01,312,579,362,1159,47118,1438,1803,9941,1965,878,1654,3712,767,9,14291,26929,4484,1593,45077,59845,1173,338,39.49,4.47,239.68,50.04,7.41,1.71,64.01,52.52,47.39,39.91
2021-06-05 00:00:01,447,659,232,1025,47231,1183,1679,8662,1730,782,1899,3722,1030,7,23147,25129,4216,1626,41400,44219,1273,388,25.95,3.01,197.77,41.66,7.52,1.5,54.86,65.8,40.72,55.48
2021-06-06 00:00:01,357,931,229,1283,52503,1209,1831,9447,1390,797,2405,4896,872,6,23528,20867,3859,1217,34203,65374,1377,373,25.91,5.02,306.26,43.82,8.7,1.98,53.76,43.95,61.13,52.4
2021-06-07 00:00:01,278,829,252,1040,52257,1533,1222,10399,1562,884,2222,3728,821,11,14318,23771,5554,1278,36554,43562,1457,403,23.95,5.43,273.39,33.86,7.85,1.4,44.92,52.57,55.81,61.9
2021-06-08 00:00:01,371,664,289,1062,53986,1802,1816,8044,1913,807,1674,4097,1162,5,19113,19551,3718,1388,33503,43880,948,462,30.45,3.91,309.77,45.32,8.8,2.12,49.51,55.52,47.76,54.78
2021-06-09 00:00:01,322,716,304,1383,51524,1591,1334,8521,1313,823,1664,3439,876,8,18107,24460,5239,1757,48667,65625,1017,487,37.31,3.99,231.46,46.74,8.31,1.35,59.75,41.5,58.51,41.73
2021-06-10 00:00:01,457,541,318,1423,57683,1453,1649,11262,2068,1090,1749,4334,749,5,21798,18871,4101,1978,54817,45992,1588,456,42.83,6.1,244.68,36.86,5.84,1.41,58.0,63.95,50.79,52.11
2021-06-11 00:00:01,462,865,300,1258,58696,1271,1540,8878,1566,1039,1803,3974,1204,8,22667,20134,5066,1929,38741,57831,1418,393,28.35,2.77,234.22,47.88,6.45,2.16,47.06,44.97,58.01,69.54
2021-06-12 00:00:01,326,879,351,1334,51519,1540,1110,11561,1424,957,1449,3927,1192,10,23582,22918,5267,1642,35422,59811,1490,392,25.15,3.52,271.62,32.63,7.84,1.81,59.12,54.43,45.17,53.18
2021-06-13 00:00:01,415,675,317,1540,55752,1099,1505,11814,2119,921,2116,5493,972,12,19041,18149,4212,1652,48408,65573,1470,291,38.16,4.03,282.85,34.71,5.33,1.94,49.57,60.3,51.47,64.75
2021-06-14 00:00:01,420,664,341,1351,65697,1268,1384,9586,1610,1246,1981,5684,739,5,20368,18963,5297,1852,37159,65419,1423,481,27.86,3.73,293.35,53.88,5.76,1.44,44.47,46.58,54.42,54.75
2021-06-15 00:00:01,444,627,250,1353,49690,1210,1407,11603,1336,1213,1568,3615,950,6,14722,17388,4273,1782,47696,61236,1064,468,34.27,5.44,209.25,52.35,6.16,2.16,52.51,62.18,41.33,69.08
2021-06-16 00:00:01,295,749,286,993,48868,1204,1175,10549,1469,987,2140,3710,884,10,20341,22963,5443,1841,33781,45470,1501,295,24.84,5.41,205.6,36.39,8.43,1.72,48.55,57.37,62.63,49.45
2021-06-17 00:00:01,382,580,314,1502,48432,1355,1345,10402,2207,1052,2065,4155,1224,13,17934,22534,4138,1721,52483,57064,1296,454,33.89,2.99,247.41,41.77,5.41,1.38,55.48,60.82,52.39,71.96
2021-06-18 00:00:01,368,569,227,1459,62589,1648,1908,11445,2134,855,2054,4253,764,8,15621,20663,4595,1780,36951,40714,1135,292,27.67,2.5,298.4,36.72,8.17,1.37,41.88,60.18,40.49,40.02
2021-06-19 00:00:01,278,797,347,1578,63883,1236,1575,10534,2150,1135,1482,5246,1198,10,17393,25072,5343,1692,49285,55321,1154,401,27.86,6.25,248.6,36.88,7.25,1.29,61.61,64.83,64.89,58.57
2021-06-20 00:00:01,305,889,290,1218,62232,1562,1524,11746,2089,1020,2385,4722,828,13,21921,19612,4433,1882,37492,45918,1385,421,25.19,5.9,226.03,41.1,6.33,1.81,46.41,40.49,41.32,51.98
2021-06-21 00:00:01,380,784,284,1281,41972,1765,1471,8726,2136,807,1409,4507,845,11,15794,25611,4995,1714,54946,41962,1401,444,25.65,5.27,237.21,39.78,5.4,1.52,57.99,41.97,45.13,55.73
2021-06-22 00:00:01,284,699,346,1367,50236,1737,1356,8354,2080,720,1409,5204,1201,13,18618,23900,4544,1219,46045,48086,1231,309,42.25,3.49,220.25,53.12,7.72,1.63,44.21,46.84,47.61,66.35
2021-06-23 00:00:01,306,848,229,1386,46314,1650,1793,8078,1914,1165,2131,3774,1005,7,17350,21516,5489,1601,34358,58740,1210,336,36.67,4.27,221.22,53.43,5.98,1.77,47.82,46.19,55.45,45.7
2021-06-24 00:00:01,403,570,363,1311,45798,1451,1115,7393,1624,797,1962,5648,1121,6,20357,22950,4041,1745,46999,51394,1400,370,38.24,2.49,294.42,44.14,5.01,1.66,55.67,52.34,59.09,48.42
2021-06-25 00:00:01,342,909,385,1662,45563,1145,1370,9882,1873,898,1917,5155,767,8,18104,25514,6002,1689,34957,60467,1425,454,39.75,6.17,241.67,53.98,5.17,1.48,58.22,60.9,48.86,49.54
2021-06-26 00:00:01,415,739,333,1671,40991,1496,1952,10987,1412,991,1421,5601,1205,6,16728,17728,5949,1717,43342,42046,1154,425,31.5,3.44,224.22,41.17,7.17,1.73,40.85,55.94,50.21,57.81
2021-06-27 00:00:01,283,649,355,1232,49804,1413,1665,7848,2173,936,1972,5698,809,8,21600,20232,3819,1431,52734,57456,1118,452,29.88,5.39,278.74,46.81,7.28,1.8,63.2,60.05,60.71,58.73
2021-06-28 00:00:01,279,660,328,1547,46161,1097,1488,10354,1731,937,1888,4713,1037,12,23381,18229,5879,1422,38236,57377,1580,492,36.16,5.52,225.6,32.69,6.84,1.89,44.75,40.46,43.75,52.59
2021-06-29 00:00:01,427,567,268,1507,47511,1199,1543,10774,1858,723,2285,3915,687,12,17803,17964,4930,1683,42772,54915,1467,425,25.75,4.74,239.33,51.27,7.5,1.59,42.79,41.37,55.49,59.96
2021-06-30 00:00:01,465,879,362,1221,48792,1118,1175,9925,2017,1257,2428,5011,822,4,23407,25159,4742,1651,35754,48128,944,423,40.8,2.91,268.16,43.55,8.91,1.29,52.04,55.41,62.96,48.62
2021-07-01 00:00:01,367,828,344,1511,41542,1604,1366,8653,1658,769,2104,5872,991,13,19871,20622,4492,1685,47679,63439,1447,429,27.32,2.97,306.74,40.87,6.5,1.87,54.47,44.54,50.24,65.57
2021-07-02 00:00:01,461,665,231,1106,55390,1711,1815,7588,2182,1259,1454,5137,878,8,18681,24146,4143,1848,32348,56501,1546,358,32.27,6.29,303.0,34.1,8.38,2.03,52.84,45.88,45.02,52.9
2021-07-03 00:00:01,429,894,220,1099,58483,1217,1947,10030,2218,865,2340,5493,1145,10,17566,17656,3856,1901,35537,50928,1642,426,39.68,2.84,197.48,40.58,7.34,1.54,42.17,52.5,42.25,43.29
2021-07-04 00:00:01,351,618,228,1415,41354,1318,1433,8286,1494,840,1681,4258,789,11,16210,20882,3706,1641,32536,53194,923,370,31.43,4.52,211.08,44.4,5.64,1.77,56.98,48.25,55.61,47.66
2021-07-05 00:00:01,310,675,357,993,62304,1719,1698,8059,1782,862,1860,5300,725,8,20363,21319,4047,1369,54323,49678,1416,394,33.78,4.93,267.86,37.39,8.17,1.8,39.49,46.06,41.01,63.33
2021-07-06 00:00:01,375,603,381,1257,58950,1809,1588,8998,1704,952,1712,4412,1047,12,20842,23580,4167,1620,42085,61897,947,285,42.36,6.19,236.87,36.58,7.55,1.55,44.85,54.96,58.05,49.84
2021-07-07 00:00:01,364,585,337,1495,46573,1332,1889,9995,1702,1252,2228,5680,1137,8,18988,20303,6130,1633,51739,60448,1102,273,27.24,6.18,219.8,48.35,7.85,1.74,52.87,41.12,54.75,49.96
2021-07-08 00:00:01,394,557,267,1652,44407,1306,1690,8059,1737,1174,2247,3944,909,9,17297,23043,4947,1995,50959,47408,1497,267,39.37,5.91,207.33,38.54,5.19,1.49,49.41,46.07,59.81,68.66
2021-07-09 00:00:01,441,612,224,1547,40825,1584,1349,8568,1975,1265,2216,5611,1154,8,15275,25473,4539,1719,33348,65269,1429,409,29.57,3.18,231.71,53.83,7.49,1.22,42.24,65.69,47.01,52.23
2021-07-10 00:00:01,388,770,266,1123,47727,1478,1702,9433,2133,793,1526,4621,1134,6,15654,21989,4864,1318,43407,47281,1295,284,28.82,3.55,235.89,33.47,6.05,1.28,51.97,49.37,58.75,39.42
2021-07-11 00:00:01,351,595,253,1534,53166,1315,1083,11075,1702,1258,1754,3525,756,8,18364,17156,5249,1708,43871,65387,938,482,30.56,3.54,225.09,33.3,5.3,1.35,56.58,48.27,45.52,61.7
2021-07-12 00:00:01,429,924,379,990,48165,1400,1434,8091,2176,1193,1590,4532,1152,11,20834,20738,3862,1932,48686,42095,1099,421,36.15,6.38,208.21,43.76,5.73,1.33,55.34,58.88,53.21,60.78
2021-07-13 00:00:01,316,911,306,1025,64616,1426,1928,11969,1849,1013,1466,3842,806,8,22279,23466,5897,1451,43792,48369,1013,464,27.93,5.47,283.09,40.57,7.78,1.92,48.37,64.96,65.86,67.12
2021-07-14 00:00:01,366,930,377,1653,47202,1624,1214,9633,2065,1146,2001,4971,1206,12,17799,23156,5861,1228,55078,49580,1176,391,30.91,5.97,260.46,39.21,8.54,1.59,57.52,44.27,41.66,63.24
2021-07-15 00:00:01,284,800,316,1201,42485,1255,1556,8708,2208,1252,2185,3853,1195,12,21030,20538,5026,1385,48648,45092,1567,302,26.06,5.91,257.42,35.39,5.55,1.49,55.85,42.86,40.68,45.06
2021-07-16 00:00:01,314,602,383,1323,60360,1124,1422,11986,1706,1166,1638,5904,1100,12,19005,21387,5057,1995,54736,40318,1642,316,38.13,3.1,266.41,39.21,5.04,1.3,52.51,60.16,55.66,48.11
2021-07-17 00:00:01,302,704,374,1230,50497,1692,1902,8766,1684,1138,2377,3762,766,9,18052,17660,5054,1485,38326,64324,1469,336,24.79,2.94,225.54,46.8,5.89,1.53,62.19,46.74,46.74,57.28
2021-07-18 00:00:01,316,603,252,1265,48277,1620,1391,11206,1468,1174,1666,5855,788,13,15079,20691,5887,1353,41953,46871,1130,288,35.84,2.61,204.73,53.94,8.56,1.49,42.35,39.75,46.96,62.15
2021-07-19 00:00:01,460,793,301,1429,53979,1205,1791,12024,1609,1065,1724,3664,1052,12,14293,19735,3972,1450,45598,43328,1560,348,41.2,6.34,275.87,54.88,5.96,1.27,46.72,61.3,44.94,60.99
2021-07-20 00:00:01,398,960,334,1568,63877,1608,1075,10220,1443,1102,1989,3492,1108,9,20721,20401,5918,1931,46324,57619,1298,415,26.96,2.64,220.71,46.57,5.18,1.67,62.04,47.2,42.92,71.22
2021-07-21 00:00:01,400,710,381,1009,64186,1582,1392,10304,2215,736,1789,3538,769,8,21018,25281,5686,1303,44740,51030,1123,269,35.73,4.05,228.4,45.65,6.05,1.95,64.21,63.02,53.06,57.96
2021-07-22 00:00:01,404,858,346,1085,49879,1275,1069,11894,1342,1090,1853,4884,866,6,14378,23423,5531,1242,43159,52798,1405,386,37.22,4.0,224.61,51.04,7.88,1.29,49.61,59.87,65.16,61.17
2021-07-23 00:00:01,462,679,370,1093,65432,1803,1592,9802,1618,788,2042,3441,861,9,14362,21729,6157,1878,42574,55207,981,459,32.24,6.17,228.92,54.53,8.77,1.83,54.28,43.89,57.51,65.64
2021-07-24 00:00:01,420,860,295,1040,63709,1517,1548,8916,1593,1054,1740,5786,693,11,19954,26091,5400,1707,40931,65896,1478,420,38.32,5.91,294.96,49.29,8.54,1.35,62.95,58.28,45.9,50.17
2021-07-25 00:00:01,352,785,277,1383,61844,1405,1369,8074,2174,932,1973,4988,1165,11,14767,27075,6044,1947,51983,45183,1521,326,31.29,6.54,228.77,38.62,6.46,1.39,61.91,51.62,59.77,69.19
2021-07-26 00:00:01,397,797,296,1380,51744,1089,1820,7706,1519,965,1641,5464,1230,11,22039,25551,4348,1870,38994,44482,1421,274,38.94,4.27,294.71,37.0,6.51,2.13,39.47,59.2,63.53,69.39
2021-07-27 00:00:01,329,945,271,1083,41506,1432,1631,8810,1922,1107,2161,5182,888,10,16599,19805,5064,1824,47208,61332,1553,312,26.62,3.39,216.93,54.65,7.03,1.81,65.16,42.84,59.4,45.56
2021-07-28 00:00:01,423,911,312,1381,60920,1212,1285,12094,1608,749,2295,3489,803,5,16226,21644,6101,1781,44012,50640,1578,288,42.21,3.42,311.91,48.43,7.15,1.48,48.0,63.69,41.3,40.13
2021-07-29 00:00:01,325,894,385,1116,51370,1702,1730,8583,1621,1138,2132,4064,1133,7,14459,20324,6130,1405,41000,44624,1593,323,33.36,3.53,231.93,42.84,6.08,2.15,44.21,42.38,59.19,53.14
2021-07-30 00:00:01,395,607,239,1084,58355,1145,1379,11512,1379,769,1952,5704,818,10,16705,23817,5582,1335,37104,56917,1530,305,32.28,5.85,237.24,45.39,6.83,1.56,47.06,43.94,41.27,49.69
2021-07-31 00:00:01,301,612,310,1523,45696,1102,1505,8630,2036,884,1788,5649,1223,13,21728,26728,5350,1347,50797,63537,1380,405,38.82,5.73,231.52,38.44,6.74,1.56,61.04,45.21,45.26,58.11
2021-08-01 00:00:01,402,906,216,1333,55225,1126,1576,9935,2086,1126,1596,3912,872,6,19308,23483,4765,1595,53292,50266,1333,419,40.83,5.06,279.35,42.36,8.13,1.41,41.74,39.7,43.36,60.26
2021-08-02 00:00:01,384,597,255,1615,62260,1734,1686,10043,1431,781,1592,5037,765,10,23555,24686,4988,1568,43634,60885,1238,277,37.85,2.57,247.09,42.32,8.01,1.84,48.82,62.75,46.13,56.58
2021-08-03 00:00:01,320,686,327,1467,62919,1075,1847,7720,1764,1227,2008,4369,1032,8,22931,21713,4143,1420,49705,61131,1415,371,37.97,5.42,285.25,52.53,7.19,1.4,61.51,49.22,66.02,70.32
2021-08-04 00:00:01,441,760,331,1564,45445,1221,1819,10818,2099,973,1447,5930,1126,6,18260,25676,3713,1276,45693,65502,1195,433,32.11,2.87,202.88,41.87,5.67,1.72,58.03,48.95,62.92,49.92
2021-08-05 00:00:01,385,553,298,1568,44559,1319,1173,10631,2162,874,2218,4520,683,12,14395,25261,6255,1336,32344,56199,1079,398,40.15,3.14,293.57,42.45,8.29,1.46,62.38,44.94,62.95,67.92
2021-08-06 00:00:01,447,663,278,1020,57057,1510,1223,9061,1327,953,2232,5139,945,8,20450,21510,5032,1541,52600,56311,1227,459,40.88,4.61,299.08,49.25,7.52,1.88,64.9,57.53,57.85,40.69
2021-08-07 00:00:01,377,631,321,962,49541,1206,1128,9345,1673,750,2241,3475,1042,8,22515,25850,5339,1727,54998,40280,1385,322,27.73,5.37,246.83,53.57,6.65,1.7,42.25,42.96,62.52,39.94
2021-08-08 00:00:01,311,788,251,1346,40628,1492,1790,8441,1394,1124,1536,5908,1001,10,22856,24996,4419,1825,49844,54046,966,475,36.42,5.67,292.74,47.71,7.72,2.01,65.32,48.96,66.52,50.25
2021-08-09 00:00:01,311,775,379,1041,61895,1281,1907,9348,1762,736,1827,3756,822,12,22182,17951,4163,1334,39007,45040,1028,427,37.52,6.59,203.58,44.81,6.43,1.51,55.84,44.79,51.61,63.42
2021-08-10 00:00:01,329,875,337,1291,47056,1666,1818,9482,2142,968,1949,4304,1117,7,14443,18108,4037,1528,52292,56825,1204,266,35.07,6.1,246.29,34.27,7.85,2.12,46.97,43.64,54.32,54.15
2021-08-11 00:00:01,343,846,340,1097,46189,1385,1709,11476,1570,1134,1773,3920,681,7,19491,18114,5732,1672,32805,62733,1175,392,37.63,3.46,308.83,47.8,8.44,1.23,51.46,47.23,55.91,48.24
2021-08-12 00:00:01,276,807,263,1051,61552,1349,1534,9960,1859,871,1553,4115,710,6,21007,21351,5989,1583,45872,53774,1602,447,40.38,4.44,297.48,44.6,8.8,1.42,53.1,48.22,58.22,53.11
2021-08-13 00:00:01,327,820,246,1636,44296,1059,1547,9607,1683,897,1495,5155,908,11,16119,16952,4367,1904,40673,45575,1371,463,29.92,5.51,213.07,40.4,5.72,1.43,60.93,60.86,45.51,59.23
2021-08-14 00:00:01,463,800,344,1080,65670,1568,1732,10916,2150,959,1413,4602,800,11,21738,19306,6237,1533,46077,46229,1381,362,42.03,6.18,242.13,53.09,7.1,2.06,57.55,56.63,55.93,64.6
2021-08-15 00:00:01,451,766,266,1356,44974,1781,1162,7404,1752,937,1775,5452,668,11,22234,21406,5722,1383,47085,53875,1385,425,26.76,3.02,259.46,54.82,6.39,1.44,60.01,46.43,56.09,42.08
2021-08-16 00:00:01,335,877,220,1371,60853,1480,1255,9473,1625,1238,1871,5641,853,9,19044,27725,5257,1439,33555,59070,1121,481,41.69,3.42,275.21,47.99,7.43,1.22,42.72,50.19,58.58,47.24
2021-08-17 00:00:01,396,601,354,1577,41703,1287,1574,12135,1395,999,2049,4223,1203,7,23313,24508,6016,1948,54913,47218,1507,406,24.54,5.16,218.76,50.63,6.68,1.54,51.4,45.45,47.39,63.84
2021-08-18 00:00:01,298,700,318,1261,59641,1571,1948,10246,1594,1062,1569,5849,864,11,18768,18274,4263,1950,48920,56400,921,288,41.39,6.17,308.65,40.48,8.96,1.23,43.46,59.01,50.07,38.8
2021-08-19 00:00:01,369,817,268,1359,57891,1784,1601,11409,1606,1075,1690,4967,921,9,15246,27348,6048,1270,33192,58657,1427,423,30.38,3.18,306.69,33.38,7.34,1.39,59.95,44.95,50.43,63.2
2021-08-20 00:00:01,431,934,330,1320,55366,1543,1807,10801,1763,1251,2204,4030,1135,11,17337,22748,5220,1777,36436,42176,1298,427,25.78,4.57,300.98,43.05,7.25,1.56,62.22,41.16,42.56,47.38
2021-08-21 00:00:01,307,573,285,1387,54622,1469,1251,11130,1626,898,1500,4134,934,12,15961,25158,4128,1927,35226,49722,1468,364,27.83,4.51,240.26,41.35,8.73,1.37,43.59,44.6,43.97,48.77
2021-08-22 00:00:01,278,578,272,1316,41362,1295,1641,8497,1871,1192,2149,5882,719,6,23255,20524,5657,1266,44014,51387,1494,428,41.31,5.2,248.63,49.02,6.44,1.24,39.83,56.14,41.53,61.62
2021-08-23 00:00:01,278,918,234,1671,58093,1246,1515,11618,1888,1103,2392,5574,1067,6,14686,22084,4059,1888,45163,56575,1372,483,42.81,5.32,245.55,33.57,6.11,1.46,51.64,64.34,50.48,46.1
2021-08-24 00:00:01,382,863,249,1019,47681,1229,1666,11612,1931,1116,2289,5220,663,4,20015,25171,4178,1356,38192,63628,1621,388,42.78,5.99,305.6,47.97,7.74,1.38,63.91,42.93,41.88,70.13
2021-08-25 00:00:01,344,848,217,1134,65755,1512,1653,10003,1618,761,1436,4969,1068,7,19418,27289,4512,1621,36867,52558,1068,482,25.76,6.57,210.11,36.55,8.68,1.85,61.89,64.12,55.29,47.51
2021-08-26 00:00:01,388,550,272,1557,40726,1417,1755,8689,2000,766,1427,4808,884,4,21225,17365,4204,1498,47231,57763,1583,327,26.4,2.63,303.9,52.02,7.6,1.26,50.02,44.89,56.97,48.24
2021-08-27 00:00:01,349,652,346,1157,49112,1471,1085,8533,1384,1261,1906,4899,1023,12,20083,27825,6134,1402,37851,47221,1572,337,26.1,3.0,296.93,33.08,7.42,1.58,45.34,52.07,66.29,47.14
2021-08-28 00:00:01,314,891,368,1305,65217,1372,1126,11846,1975,1120,2043,4908,932,13,18042,20904,4656,1869,40115,49683,1353,374,25.35,6.62,190.9,39.89,8.33,1.98,60.79,62.54,43.11,42.04
2021-08-29 00:00:01,330,808,260,1483,63538,1125,1701,7399,2161,994,1514,5849,1211,11,18869,22347,4359,1982,32448,65920,1261,369,26.69,2.58,218.76,52.13,7.56,1.26,50.07,62.88,62.64,69.8
2021-08-30 00:00:01,383,672,320,1013,41640,1163,1313,11015,1757,903,2295,4609,802,10,23126,19100,5679,1885,37302,51074,1158,345,41.61,5.56,266.39,38.21,5.92,1.66,46.98,57.57,53.42,49.03
2021-08-31 00:00:01,355,728,262,1660,59633,1419,1668,11226,1393,1238,2173,4547,1175,6,15000,17096,4724,1261,47144,49852,1585,310,38.49,4.43,261.25,45.28,7.61,1.21,44.2,52.49,63.57,59.69
2021-09-01 00:00:01,424,928,314,1573,59285,1586,1265,10431,2197,1115,2233,4856,885,6,16370,26427,4589,1597,36221,56792,1524,410,29.21,3.94,188.68,39.65,5.0,2.01,64.02,42.89,46.21,48.25
2021-09-02 00:00:01,405,688,250,1486,47590,1246,1489,8111,1489,997,2164,4838,852,5,19526,26037,5401,1687,35009,49460,952,299,26.5,5.26,237.64,41.37,6.19,1.32,47.97,42.52,46.75,68.46
2021-09-03 00:00:01,351,593,260,1366,52176,1259,1249,11703,1775,1121,2057,5634,1079,11,19601,27725,5370,1723,55104,48187,1570,450,36.75,4.85,304.92,42.22,8.02,2.01,58.76,61.59,42.15,44.63
2021-09-04 00:00:01,460,592,224,1309,59993,1222,1374,11164,1607,961,1447,5573,1198,8,16364,19205,6205,1513,40757,56358,1007,295,32.03,3.4,305.48,48.61,8.83,1.63,46.3,42.44,41.7,58.76
2021-09-05 00:00:01,455,596,308,1596,41695,1514,1369,9293,1418,843,2220,4461,789,12,21230,21338,5426,1450,55054,50772,1214,337,32.73,5.73,233.91,42.8,8.14,1.95,61.43,64.75,42.15,59.11
2021-09-06 00:00:01,322,788,317,1668,50500,1359,1483,11724,1882,1178,1744,4457,733,6,17197,23583,4564,1496,42324,46387,994,354,33.76,4.61,263.62,37.53,5.68,1.91,56.85,46.89,58.6,70.87
2021-09-07 00:00:01,356,592,261,1178,56496,1119,1275,8256,1817,1248,1592,5241,778,7,16709,21556,5702,1389,45804,50507,1466,308,33.04,3.9,211.28,33.28,7.88,1.47,51.93,56.63,40.35,48.51
2021-09-08 00:00:01,392,704,216,1531,61993,1460,1778,7916,1441,1127,2182,4694,1045,6,20363,17178,4555,1844,35490,62199,1259,383,25.41,3.33,251.56,38.48,5.38,2.01,46.35,64.88,56.06,69.15
2021-09-09 00:00:01,418,711,374,1107,57120,1634,1759,8487,2204,923,1669,4659,1039,6,17499,26445,4092,1417,35335,51425,1468,320,41.25,6.04,273.59,47.23,6.87,1.55,59.41,65.19,63.8,47.09
2021-09-10 00:00:01,344,834,230,1580,44471,1455,1337,11157,1437,969,1902,4568,1061,7,23240,27275,5101,1530,52144,40903,1017,324,37.93,5.9,288.6,53.94,6.64,1.53,54.08,55.01,60.31,41.67
2021-09-11 00:00:01,397,683,380,1367,53343,1792,1890,8958,2221,1236,2001,5856,961,8,22215,22407,4723,1673,51165,64466,1241,303,34.42,3.69,305.17,51.45,6.82,2.16,54.65,54.71,65.6,61.98
2021-09-12 00:00:01,331,569,293,1091,44984,1429,1919,11322,1555,726,1935,5612,962,4,15600,19725,3723,1390,48973,47004,1174,382,35.4,6.32,192.33,32.96,6.07,1.28,48.61,53.21,54.52,63.66
2021-09-13 00:00:01,400,892,263,1247,54402,1501,1858,8997,1701,833,1919,5764,1102,10,20561,19294,5482,1579,37255,60139,1238,413,29.53,5.79,220.4,49.54,8.34,1.34,43.05,61.66,61.69,47.68
2021-09-14 00:00:01,327,933,343,1619,46460,1274,1195,10410,2026,927,1738,5567,1055,9,19242,23392,4857,1452,34240,54333,1125,433,31.1,6.33,271.97,49.84,6.92,1.68,49.1,63.62,46.97,61.96
2021-09-15 00:00:01,399,802,270,1321,53368,1566,1546,11032,1869,1023,1454,4613,859,6,16467,24382,6038,1755,43447,53546,1243,349,38.97,4.45,233.57,34.52,8.05,1.29,41.23,65.46,58.63,42.53
2021-09-16 00:00:01,428,688,379,1436,55704,1084,1550,10545,1491,888,1610,4736,1062,7,17126,21593,5921,1375,35360,50216,1122,386,30.69,4.02,206.15,35.96,8.35,1.71,61.84,61.29,59.76,56.04
2021-09-17 00:00:01,442,641,363,1266,64795,1446,1751,7532,2024,1189,1408,5729,1126,10,19825,17980,6132,1483,44132,42269,1261,373,42.0,4.74,284.85,39.67,8.77,2.15,50.75,62.56,41.08,44.13
2021-09-18 00:00:01,413,590,355,1538,50371,1528,1518,9533,1976,1260,1554,4853,836,7,18939,17175,4929,1452,41660,60104,1650,372,33.04,6.44,220.9,49.4,6.68,1.57,41.45,59.25,50.99,59.01
2021-09-19 00:00:01,328,804,356,1183,42821,1728,1850,8639,2159,1182,1577,3470,778,6,20423,20372,4711,1876,41758,53613,1466,387,26.05,4.54,209.94,38.99,7.08,2.06,51.71,49.37,41.12,48.15
2021-09-20 00:00:01,343,706,317,1074,57374,1270,1355,11565,1643,827,1797,4587,910,6,14529,24655,4105,1705,49550,44813,1566,396,39.18,6.3,219.93,34.11,5.41,2.18,61.76,46.22,57.03,42.11
2021-09-21 00:00:01,454,740,356,1183,54022,1436,1507,8237,1485,1206,1654,4371,1193,8,17155,20760,5480,1924,45115,46158,1476,451,31.94,4.5,191.59,41.08,5.29,1.52,40.68,46.64,52.92,58.9
2021-09-22 00:00:01,281,931,248,1170,52403,1433,1358,8188,1941,1014,2366,5278,951,5,17651,22992,5027,1353,49651,62210,1468,375,31.96,2.94,296.44,34.29,8.81,1.36,51.42,57.0,47.21,69.61
2021-09-23 00:00:01,330,836,331,1533,55037,1422,1416,7399,1542,1067,1767,4936,697,5,23428,24386,4333,1953,38807,57526,1365,309,41.93,2.72,290.52,43.17,8.11,1.32,45.94,60.09,58.85,50.46
2021-09-24 00:00:01,452,908,217,1331,53976,1756,1649,10527,1381,850,2265,4611,1065,8,21221,25565,5124,1436,40629,40509,1468,289,25.22,4.76,312.15,39.33,6.37,1.44,52.48,46.74,46.73,42.95
2021-09-25 00:00:01,450,914,349,1464,55260,1564,1141,10616,1970,1199,2324,5458,781,11,21191,27376,5552,1349,53239,61330,1650,322,42.97,4.68,304.84,37.45,8.17,1.62,64.11,57.72,55.56,59.38
2021-09-26 00:00:01,283,577,225,1174,45493,1119,1446,12026,1706,967,1841,5029,678,12,22259,17832,3916,1569,48859,54472,1605,383,27.52,3.07,195.03,40.86,6.63,1.88,43.84,55.07,54.06,40.77
2021-09-27 00:00:01,403,603,251,1269,59190,1668,1679,12023,1793,1072,2391,5256,1195,7,17911,23857,4013,1706,46806,47805,1513,422,30.59,5.15,269.54,35.38,5.04,1.94,52.65,53.2,41.46,56.55
2021-09-28 00:00:01,399,687,340,1625,54839,1444,1233,7811,1491,1116,2386,5526,803,10,20525,21542,5227,1719,35707,41029,1431,353,26.47,5.96,238.89,39.08,6.18,1.37,41.92,63.83,49.95,47.17
2021-09-29 00:00:01,390,880,343,1094,59043,1815,1378,10521,1427,914,1708,5394,674,9,19666,25087,4946,1353,53587,65150,992,368,31.0,6.23,205.39,51.32,5.86,1.36,56.26,46.04,55.97,67.02
2021-09-30 00:00:01,443,569,277,1039,58309,1484,1120,9869,2186,1004,2383,4805,979,11,19052,26316,6220,1211,31533,45199,1554,292,30.44,4.19,206.18,55.12,7.5,1.69,54.26,53.03,59.53,63.17
2021-10-01 00:00:01,325,795,316,1016,45034,1506,1714,9619,1602,1028,1595,4002,908,12,17756,22049,6198,1220,37324,56395,1437,465,39.56,2.7,241.66,33.01,8.51,2.07,39.45,56.57,54.93,48.68
2021-10-02 00:00:01,451,904,341,1553,60280,1392,1851,11790,2156,1253,1907,5546,891,13,19338,19864,6123,1457,54598,58336,1385,339,27.1,5.94,292.78,41.97,7.01,1.68,54.14,60.31,47.01,46.61
2021-10-03 00:00:01,449,625,264,1270,57166,1731,1680,9820,1950,849,2125,4982,768,12,14767,27425,5423,1311,40640,53132,1461,321,25.03,3.38,254.19,39.77,7.37,1.76,50.43,61.57,50.25,46.24
2021-10-04 00:00:01,439,708,268,1472,64413,1741,1139,8346,2072,970,2007,5017,879,4,20475,27625,5640,1978,44918,44003,1112,277,30.66,4.87,203.82,47.79,6.98,1.58,39.5,52.03,51.77,40.97
2021-10-05 00:00:01,318,760,219,975,59962,1264,1649,10451,1856,1117,2428,4454,876,5,19720,21837,5632,1402,35440,57525,1411,355,37.57,4.11,208.57,39.89,7.87,1.46,41.7,45.19,48.25,60.42
2021-10-06 00:00:01,338,702,372,1292,63211,1813,1247,10915,1896,1176,1648,4757,1107,10,22063,26130,5859,1648,48233,61928,1382,388,30.63,5.46,305.8,50.5,6.41,1.49,54.61,65.33,61.69,58.12
2021-10-07 00:00:01,338,939,263,1074,48586,1532,1264,9604,1511,916,1566,4193,700,8,19125,19308,5512,1442,31611,44653,1315,393,40.98,5.59,283.56,37.0,5.73,1.29,58.04,48.82,41.36,62.36
2021-10-08 00:00:01,351,596,371,969,52911,1303,1907,7705,2105,1002,2080,5194,971,10,22987,27303,5808,1802,44051,51263,1258,372,33.92,3.43,257.08,54.83,5.73,1.88,39.62,63.29,62.93,58.98
2021-10-09 00:00:01,425,777,367,1596,64143,1259,1654,10396,2014,839,2231,4120,972,7,19851,19186,6116,1422,37029,43272,1648,443,31.4,4.4,303.02,49.29,8.97,1.75,63.77,52.6,53.65,58.47
2021-10-10 00:00:01,297,800,280,1303,53952,1497,1716,11718,1922,998,1415,4224,809,11,18467,20120,3791,1544,35042,51348,1461,448,38.22,6.32,206.9,34.94,6.89,1.36,49.95,56.85,55.21,66.77
2021-10-11 00:00:01,326,651,346,1366,50006,1346,1140,9185,2027,836,1840,3763,1145,11,21233,19033,5689,1460,36300,42691,948,460,36.46,3.37,222.67,54.85,5.8,1.77,59.23,40.95,44.31,60.39
2021-10-12 00:00:01,431,665,304,1446,45645,1669,1632,9804,1884,1139,1634,5505,1217,7,21073,24613,5328,1932,32132,65670,1645,380,42.19,4.04,234.6,37.92,6.15,1.47,41.08,46.86,51.59,60.5
2021-10-13 00:00:01,347,903,291,1612,49815,1569,1222,10519,1835,1133,1461,4845,1088,9,21508,27128,4485,1700,42260,45297,1204,325,28.55,6.3,212.4,55.49,8.35,1.21,59.68,39.62,49.31,51.02
2021-10-14 00:00:01,307,674,277,1416,46338,1174,1593,9241,1781,800,1763,3439,930,6,21374,23023,5149,1194,44530,46999,1328,329,34.87,2.53,210.78,48.58,7.26,1.97,43.11,58.5,49.31,42.21
2021-10-15 00:00:01,296,923,235,1008,62072,1102,1392,10421,1999,1249,2379,5800,686,4,16912,23120,6094,1682,38738,45051,1652,378,38.17,3.67,283.52,53.08,6.53,1.92,44.87,55.32,45.42,56.9
2021-10-16 00:00:01,303,704,300,1423,59661,1086,1765,9316,1917,915,2349,5087,1090,13,21364,21454,4941,1963,39090,57733,1503,422,40.3,6.58,255.4,51.11,7.15,1.37,64.47,63.81,45.06,64.81
2021-10-17 00:00:01,336,680,246,1507,40500,1319,1332,8946,2228,752,2105,5835,957,10,19926,17294,5174,1419,52973,58874,1549,415,38.74,4.48,252.27,52.06,8.93,1.77,48.46,61.81,58.38,60.47
2021-10-18 00:00:01,432,719,380,1284,54074,1424,1833,9816,1622,725,1836,5543,898,7,21367,24949,6077,1464,53777,42962,1535,400,33.31,3.29,277.95,44.22,8.99,1.5,51.47,49.82,48.99,55.11
2021-10-19 00:00:01,356,940,351,1245,55371,1318,1755,8805,1385,1207,1822,4885,1007,10,20693,25666,3888,1743,34144,63440,1020,296,27.15,3.6,195.17,46.24,8.42,1.99,56.77,55.74,43.21,43.39
2021-10-20 00:00:01,357,627,254,1330,45057,1150,1234,10402,1854,1034,2245,5769,886,11,16064,25209,5740,1736,51475,57350,1190,424,29.08,2.71,264.59,49.82,6.15,1.59,61.5,49.07,48.49,48.8
2021-10-21 00:00:01,328,757,276,1256,59014,1326,1079,9624,1476,938,1738,4684,1123,10,22192,25148,4438,1303,47183,62620,1480,454,37.6,4.97,293.73,47.78,7.59,1.44,58.54,50.33,45.98,53.3
2021-10-22 00:00:01,441,588,359,1334,58557,1304,1678,8817,1726,1182,1606,4435,853,7,21371,20228,4409,1547,38556,59299,1128,310,27.48,4.1,267.25,53.23,8.63,2.08,63.33,55.53,40.57,44.56
2021-10-23 00:00:01,299,905,295,1209,48614,1275,1438,10936,1387,904,1474,4898,781,8,18028,23646,5324,1983,44892,40191,992,418,33.82,6.16,236.75,52.75,9.05,1.62,53.11,50.47,63.79,57.47
2021-10-24 00:00:01,447,579,372,965,64848,1331,1288,7700,1652,1153,1599,3837,695,13,22267,20459,4807,1797,37613,60634,920,352,39.01,5.47,212.35,54.41,6.03,2.04,53.24,44.54,51.36,47.13
2021-10-25 00:00:01,401,795,349,1370,40712,1518,1878,10008,1939,1133,2148,3832,797,4,20007,25332,5971,2002,44862,45325,1136,342,40.82,2.9,263.29,48.02,6.47,1.53,44.59,56.74,65.72,63.34
2021-10-26 00:00:01,318,765,275,1422,61617,1643,1416,8090,1755,1069,1799,5205,689,9,16081,27527,4479,1470,52609,41146,1537,264,36.6,3.03,265.71,51.67,6.35,2.01,47.27,54.16,62.94,47.2
2021-10-27 00:00:01,374,613,246,1470,57556,1066,1925,8254,1652,855,2302,4744,824,9,18592,24519,4500,1387,33755,59651,919,265,29.64,6.2,265.17,36.57,8.3,1.35,50.59,44.21,44.14,67.59
2021-10-28 00:00:01,361,928,269,1591,54273,1578,1100,8308,1525,970,2143,5246,766,4,17477,22337,5500,1861,33197,51443,1125,267,41.15,4.93,299.92,38.36,7.27,1.82,59.14,56.44,46.74,53.7
2021-10-29 00:00:01,404,953,308,1624,41817,1632,1703,8670,1817,1174,1896,4515,858,7,15973,18396,5073,1629,53866,54796,1478,461,24.1,2.91,259.66,43.25,6.5,1.5,41.68,44.07,54.26,64.29
2021-10-30 00:00:01,414,866,300,1576,40749,1614,1720,11968,1611,999,2314,4053,1222,12,22081,22927,4832,1578,42659,51284,1157,376,40.79,4.02,298.01,38.8,5.04,1.63,43.35,40.25,44.92,60.46
2021-10-31 00:00:01,296,684,323,1224,56292,1704,1074,8750,1576,725,2370,3514,1128,13,21132,27093,4962,1259,34075,47650,1588,326,26.05,5.59,307.78,35.14,8.79,1.71,43.12,58.09,45.62,58.8
2021-11-01 00:00:01,307,692,313,1095,44871,1517,1962,8732,1888,798,1491,4685,1174,4,15235,21351,5697,1328,37767,54137,1040,492,36.44,3.86,274.03,53.41,7.57,1.62,47.24,40.9,58.13,41.51
2021-11-02 00:00:01,285,933,228,1104,40727,1533,1396,9254,1602,1010,2321,5190,834,8,22643,18278,4886,1907,54044,40252,1616,361,23.97,5.1,263.7,35.17,5.21,1.52,46.44,65.72,59.73,49.35
2021-11-03 00:00:01,302,655,269,1600,48120,1361,1697,8395,1983,1173,1476,4849,918,6,22281,24795,3918,1399,47210,53958,1295,364,25.8,6.24,212.53,49.38,6.96,2.03,53.74,62.26,49.49,49.9
2021-11-04 00:00:01,406,873,313,1213,45227,1143,1765,11879,2052,843,1541,4957,665,6,21161,21149,5470,1657,51575,53580,1371,336,37.74,3.77,288.57,46.67,5.17,1.59,52.96,47.03,59.27,62.75
2021-11-05 00:00:01,277,931,329,1015,61205,1351,1212,11160,1353,792,1926,5167,858,11,19800,20107,5937,1628,40593,44609,1288,433,39.54,4.59,188.74,49.25,8.79,1.96,62.41,60.34,49.44,61.94
2021-11-06 00:00:01,301,927,330,1584,46100,1260,1201,10755,1517,1256,1556,4562,817,8,23248,19486,3971,1656,51395,54999,1233,404,31.53,6.11,302.36,41.61,6.47,1.7,49.35,63.35,47.28,68.51
2021-11-07 00:00:01,378,567,354,1126,62564,1545,1633,11874,2230,1040,1898,3530,730,11,17488,22523,5107,1796,34576,48902,1138,398,37.87,5.4,307.8,41.72,6.18,1.38,45.14,59.83,41.74,68.7
2021-11-08 00:00:01,286,819,364,1206,50822,1160,1104,9282,2124,1027,2350,5620,1233,13,19998,24260,4100,1720,54351,44984,1348,366,27.93,3.18,228.75,53.98,7.32,1.73,52.61,50.84,54.87,46.25
2021-11-09 00:00:01,339,820,348,1199,54152,1447,1820,10481,1931,739,2192,5679,977,11,17933,22591,4241,1377,50161,55912,1058,458,38.57,3.22,234.86,46.69,8.68,1.75,40.8,60.97,58.35,65.66
2021-11-10 00:00:01,312,802,375,1635,50987,1324,1496,9909,1705,846,2366,4838,796,7,16122,23551,6124,1278,44988,53222,1278,406,23.81,4.61,235.06,53.09,6.66,1.83,54.46,42.8,57.83,68.34
2021-11-11 00:00:01,332,825,232,1194,48572,1808,1236,9402,2086,724,1546,4143,758,8,15338,21018,4686,1415,33697,47839,1249,341,27.96,3.76,264.64,34.76,7.3,1.56,62.87,61.45,52.58,57.61
2021-11-12 00:00:01,385,791,269,1089,56254,1711,1500,11222,1470,1065,1975,5127,1194,9,14890,17894,6075,1795,48558,51266,1249,470,25.48,5.59,214.88,37.4,7.27,1.42,59.42,53.76,52.87,67.48
2021-11-13 00:00:01,384,696,311,1062,65102,1614,1242,7608,1565,790,1700,4227,1025,12,23189,22363,6198,1291,45076,45361,1315,303,33.41,4.43,212.13,46.07,7.28,1.6,55.07,55.22,43.03,71.87
2021-11-14 00:00:01,295,826,231,1228,65898,1438,1449,11890,1942,1260,1433,3650,1068,12,22246,19127,5359,1480,52548,44971,1058,386,36.12,4.01,250.33,55.3,8.5,1.77,56.94,59.88,65.03,54.6
2021-11-15 00:00:01,315,575,278,1670,48308,1605,1085,9916,1700,1198,2039,4600,1181,6,16378,19186,6226,1444,38841,61368,1284,286,34.32,4.8,264.74,48.31,5.25,2.05,47.54,54.72,52.0,43.62
2021-11-16 00:00:01,314,823,323,962,46874,1293,1249,7916,2198,1054,1860,3675,700,11,17333,27784,5672,1824,38341,54747,1173,401,37.98,4.4,229.1,35.44,8.54,2.05,40.85,43.16,42.56,61.06
2021-11-17 00:00:01,431,952,216,990,48640,1380,1323,7906,1491,1016,1702,4090,872,12,19642,23291,5410,1781,38985,44469,1091,379,37.62,3.78,270.32,46.55,9.0,1.68,57.93,54.73,63.02,44.68
2021-11-18 00:00:01,294,904,309,1348,52373,1141,1820,10649,1437,1056,1567,4796,699,7,23234,18790,5504,2003,37815,61706,986,350,34.63,5.87,207.47,35.19,8.48,1.51,46.08,44.54,51.98,67.35
2021-11-19 00:00:01,439,567,298,1067,55185,1646,1730,10427,2103,752,1508,3865,1011,13,20777,20482,3788,1582,40999,57635,1124,366,31.79,2.58,282.57,50.93,5.26,1.51,44.2,53.36,46.83,63.65
2021-11-20 00:00:01,316,630,373,1420,50376,1676,1075,10527,1342,980,1570,5465,1012,8,20430,21191,5262,1285,38709,47371,1559,300,28.65,4.97,238.45,55.02,9.02,1.47,41.03,54.43,43.0,56.0
2021-11-21 00:00:01,400,707,328,1404,42121,1700,1867,9374,2024,984,2132,4189,900,4,15865,23869,5468,1194,53270,45062,1453,346,34.99,4.73,283.69,38.39,8.83,1.45,51.48,51.56,59.63,61.49
2021-11-22 00:00:01,298,909,359,1128,61816,1235,1333,9233,1330,760,1729,4617,1015,4,19834,24448,5611,1767,35214,65355,1492,451,41.51,2.85,287.32,33.62,6.97,1.22,40.69,44.17,51.36,62.85
2021-11-23 00:00:01,374,734,234,984,63307,1710,1195,12179,2049,932,1934,3463,697,10,18356,27231,3945,1944,44811,57891,1341,436,33.05,4.59,287.85,51.22,8.61,1.4,61.02,47.42,52.28,65.67
2021-11-24 00:00:01,359,797,377,1002,62776,1059,1843,11147,2083,1163,1633,3867,1169,13,18113,21849,4299,1332,41505,64061,1193,266,25.56,6.07,275.02,48.11,7.03,1.41,40.5,61.29,41.6,58.46
2021-11-25 00:00:01,353,620,355,1406,57701,1129,1162,7903,2104,1230,1923,5408,754,10,16539,18381,4946,1873,38074,65747,1373,419,40.66,4.02,250.48,42.7,6.42,1.26,47.24,57.62,66.32,48.34
2021-11-26 00:00:01,405,707,261,1364,46975,1190,1277,10183,1970,935,1821,3483,1015,12,21620,26960,3950,1552,36536,44335,1084,333,28.78,4.73,243.68,43.6,8.69,1.5,63.2,54.03,47.92,63.17
2021-11-27 00:00:01,389,668,362,1182,42114,1621,1761,7497,1722,796,1618,4799,851,5,19174,17650,5202,1253,42929,60812,1442,369,37.77,5.89,190.2,51.12,6.03,1.4,54.5,40.61,64.6,58.47
2021-11-28 00:00:01,316,930,382,1650,42303,1344,1591,11495,1794,841,1953,4211,1133,7,17892,22797,6174,1881,50432,41585,1282,429,37.57,5.12,298.52,47.84,7.05,1.41,41.23,65.4,61.68,44.63
2021-11-29 00:00:01,444,603,333,968,48077,1296,1239,8900,2213,1009,2246,4522,1014,5,15145,17002,6195,1964,52877,46607,1279,435,37.72,3.35,229.9,47.67,6.08,1.54,51.58,43.42,61.79,56.51
2021-11-30 00:00:01,276,889,329,1209,55104,1525,1538,12083,1641,1169,2243,4536,797,13,16145,23854,4046,1368,44195,65067,1204,274,40.4,3.87,305.48,46.74,8.71,1.27,50.1,39.8,52.84,61.38
2021-12-01 00:00:01,301,937,347,1431,59911,1610,1676,8022,2103,1116,1674,4464,1150,10,18923,17847,4769,1681,52888,55219,1045,468,36.66,6.6,309.48,46.73,7.64,1.35,50.26,42.85,44.23,64.37
2021-12-02 00:00:01,426,912,272,1495,65251,1161,1843,9656,1701,1174,1445,4123,891,5,20049,25209,5998,1505,48228,41453,1635,309,41.72,4.54,224.31,35.09,8.77,1.58,53.35,58.8,58.99,58.79
2021-12-03 00:00:01,310,713,231,1054,43219,1323,1133,8166,1751,1163,1616,5054,1190,13,17730,22750,5404,1287,52153,42972,1382,310,27.22,2.59,297.24,41.52,9.01,1.7,46.25,50.31,61.16,59.73
2021-12-04 00:00:01,315,672,381,1273,61231,1181,1895,11024,1606,725,1533,4277,1233,7,17235,27484,4841,1500,31746,45353,994,362,40.33,5.69,277.6,41.66,5.39,1.67,48.15,47.66,64.13,67.71
2021-12-05 00:00:01,342,859,228,1285,52121,1704,1209,8399,1782,784,1552,4529,660,7,15835,26280,5990,1537,43921,63442,1374,400,29.4,6.41,192.37,40.2,5.3,1.82,54.31,40.62,42.63,50.3
2021-12-06 00:00:01,403,546,345,1375,59175,1278,1283,10486,1461,1057,2312,3690,1112,11,17809,19685,6042,1645,36761,61182,1387,271,32.65,5.27,251.97,48.13,6.83,2.16,54.92,61.99,62.21,57.84
2021-12-07 00:00:01,300,706,243,1618,48113,1289,1906,12144,2093,828,1527,3546,695,12,18217,18070,5812,1283,39119,64497,1077,366,34.27,4.68,228.87,51.76,8.56,1.69,60.85,50.87,55.46,43.19
2021-12-08 00:00:01,356,892,359,1600,62539,1296,1529,8583,1496,1211,1580,5188,1172,13,21414,26527,4479,1529,55003,59857,1347,269,25.37,3.54,300.4,54.14,8.56,1.62,54.35,46.18,57.33,53.87
2021-12-09 00:00:01,463,858,353,1272,57163,1445,1104,7496,1838,930,1423,3818,1224,8,19579,25160,5790,1536,41290,57940,1276,333,42.73,3.51,287.27,43.54,6.44,1.38,40.14,60.04,52.95,54.26
2021-12-10 00:00:01,459,933,336,1454,55103,1271,1108,10534,2160,976,1451,5569,1067,5,21817,18642,4948,1219,37392,47360,973,280,29.57,3.22,281.07,45.11,5.17,1.24,53.34,48.4,46.28,41.13
2021-12-11 00:00:01,413,636,226,1449,57176,1162,1544,7754,1411,910,1433,5429,780,4,18196,24930,5657,1663,46729,41713,972,404,32.33,3.95,197.23,55.33,7.98,1.95,41.47,48.32,59.96,49.36
2021-12-12 00:00:01,379,670,315,1250,47943,1752,1750,10488,1960,1152,1446,3544,1219,13,21777,26561,5890,1674,51544,58859,1314,436,42.59,5.8,309.35,52.97,5.67,1.27,42.06,64.63,43.59,58.91
2021-12-13 00:00:01,440,898,310,1179,48878,1731,1285,10295,2116,1189,2365,5003,1182,7,19320,20280,6033,1230,43755,64705,1548,286,42.09,5.32,264.98,38.56,6.59,1.48,63.85,47.52,56.47,51.47
2021-12-14 00:00:01,391,776,350,1045,53857,1115,1512,10883,1836,773,1709,3490,736,10,22089,19432,4411,1417,47137,53105,1614,292,43.1,6.35,251.08,40.1,5.45,1.97,61.15,60.67,65.28,48.18
2021-12-15 00:00:01,343,618,313,1383,52738,1605,1424,10993,2102,1046,2088,4317,901,11,19895,20108,4786,1410,45828,59548,1290,477,37.34,5.28,285.26,49.55,8.96,2.1,57.49,50.85,58.25,49.65
2021-12-16 00:00:01,337,744,228,1053,47101,1092,1810,11644,1691,773,2260,5113,955,4,19595,21846,4004,1993,42553,51845,1611,491,31.92,6.28,288.63,48.73,7.29,1.35,55.77,54.0,53.62,52.32
2021-12-17 00:00:01,332,585,304,1338,52595,1270,1356,8977,1697,830,1523,4728,735,11,20015,17332,3728,1281,39741,49009,1398,481,41.8,6.46,208.56,33.52,8.74,1.71,64.27,44.29,65.5,70.55
2021-12-18 00:00:01,392,665,257,1558,61376,1169,1174,10774,1330,989,1446,5611,802,4,16643,24001,6159,1924,31536,41928,1159,350,35.56,5.31,239.44,36.81,6.06,1.59,62.54,45.61,64.83,43.29
2021-12-19 00:00:01,314,878,319,1171,48187,1486,1580,10289,1679,1218,2005,3561,1081,7,21273,20100,5630,1591,34584,64116,949,317,28.66,3.51,198.76,51.22,6.12,1.48,62.59,52.39,60.21,48.2
2021-12-20 00:00:01,422,549,325,989,44045,1389,1270,7680,1335,1256,2144,4453,741,9,21660,22444,3779,1563,54046,54257,1166,475,32.98,4.68,263.13,50.7,5.65,2.01,64.28,57.05,49.26,51.72
2021-12-21 00:00:01,321,812,228,1230,58556,1247,1760,8339,1450,1233,1870,4233,1015,6,19161,23398,6004,1355,47090,62529,1505,474,39.15,3.77,301.13,42.88,8.24,1.51,59.61,46.78,51.06,53.47
2021-12-22 00:00:01,346,594,231,1224,47944,1470,1251,9146,1751,1027,1930,4247,931,8,18080,27415,5620,1681,33887,42643,1462,438,31.29,4.24,270.11,32.83,5.86,1.8,45.64,48.97,49.36,66.74
2021-12-23 00:00:01,418,661,219,1358,60434,1628,1419,11948,1331,1091,1684,4395,723,13,16466,20207,6006,1224,52396,55972,1238,289,26.71,3.18,219.07,36.74,6.48,1.47,53.53,56.3,50.04,43.37
2021-12-24 00:00:01,454,769,383,1425,44867,1112,1474,8174,2114,750,1712,4187,725,7,14362,17177,4957,1449,35337,50758,1472,493,36.76,6.13,207.5,36.27,7.1,1.5,54.32,42.57,59.92,39.96
2021-12-25 00:00:01,302,951,374,970,44138,1309,1395,11833,1874,1152,1403,5479,1209,13,19141,18947,4382,1826,50657,45456,957,398,40.66,3.99,279.69,54.06,7.35,1.78,60.38,55.1,63.82,60.58
2021-12-26 00:00:01,360,756,258,1183,58599,1727,1259,11790,2228,979,1656,4461,696,13,21860,25371,4150,1555,42435,46098,1385,423,31.39,2.64,222.8,37.71,7.73,1.32,52.2,44.37,57.38,48.84
2021-12-27 00:00:01,433,693,238,1386,60030,1453,1163,10418,1672,759,1817,4963,778,8,18825,18485,4625,1584,51973,41338,1084,386,24.83,4.02,268.14,41.08,5.53,1.96,59.68,59.28,49.89,49.45
2021-12-28 00:00:01,430,581,258,965,59901,1235,1492,8282,1378,829,2314,4818,765,6,16498,25633,4084,1679,42388,51147,1287,290,30.32,5.88,234.02,47.54,5.84,2.04,49.4,43.8,46.15,55.48
2021-12-29 00:00:01,456,705,288,1192,46603,1482,1857,9189,1557,1033,1721,4151,924,7,23352,21781,3966,1335,40793,50101,967,285,38.88,6.41,201.55,54.51,7.01,1.92,47.96,61.68,64.14,70.44
2021-12-30 00:00:01,277,695,340,1218,58121,1415,1216,9121,2164,829,2219,5449,951,6,16303,17775,4824,1236,53653,53333,1113,396,40.35,3.94,236.87,41.89,6.34,2.0,52.01,50.11,54.52,66.73
2021-12-31 00:00:01,382,760,270,1503,49398,1651,1190,8106,1407,858,1619,4556,939,5,17215,19672,4540,1941,51452,43114,1471,399,24.49,3.71,219.53,43.63,8.74,1.3,56.03,57.59,61.13,50.33
